"","S001","S002","S003","S004","S005","S006","S007","S008","S009","S010","S011","S012","S013","S014","S015","S016","S017","S018","S019","S020","S021","S022","S023","S024","S025","S026","S027","S028","S029","S030","S031","S032","S033","S034","S035"
"S001",0,0.268868550984524,0.117272439679969,0.290796421328249,0.280438022964508,0.243834189109404,0.270255976428841,0.240797399787346,0.357760873457212,0.296481851200174,0.130995767819428,0.125466889747139,0.282891370956532,0.167208325517321,0.129769702316035,0.283258396608589,0.294637465799546,0.300030942162939,0.257035550061742,0.0939626737991233,0.196962745815335,0.257432790471812,0.293188823763788,0.163388937807124,0.172595577514344,0.140592368479984,0.352261948846849,0.117272439679969,0.160744287695,0.338546227151564,0.28877517424985,0.235776717860608,0.275717988403576,0.237679254622599,0.269204068252133
"S002",0.268868550984524,0,0.254974682935688,0.125857659779649,0.202768412722769,0.226082187456403,0.161396029532911,0.284240321914378,0.334422462372318,0.126597796295306,0.270449260715087,0.267010093640773,0.170648112021115,0.270569763060086,0.269960916706638,0.146263081051299,0.168003930791321,0.188542711841676,0.255377362894695,0.261719098431727,0.261308336456033,0.283285098134229,0.121466207201267,0.26997620858805,0.283880993609295,0.245341628240483,0.345273675033805,0.254974682935688,0.268699432479486,0.335544169858668,0.303089753471803,0.248072868630432,0.272301466379477,0.211164009054072,0.141741032035527
"S003",0.117272439679969,0.254974682935688,0,0.281502088313509,0.265863007774731,0.256941320207727,0.254457739224655,0.236372489014755,0.336362295866825,0.277221163044418,0.0927791603023093,0.0842801592542895,0.267827278876574,0.154841184908605,0.0883126001543541,0.272784893046743,0.274092760194035,0.289229840410396,0.255759726027779,0.0705656182911935,0.201193213549433,0.255113008477746,0.280171617054884,0.116303712354677,0.149545273856757,0.124820287358915,0.327013949790293,0,0.121170389629053,0.329549874891952,0.293827272447462,0.21993856022941,0.267138077787949,0.239216706890715,0.242991116823214
"S004",0.290796421328249,0.125857659779649,0.281502088313509,0,0.217318704113315,0.235172622626051,0.173791058862229,0.282368512476838,0.334365769631542,0.0384561975214491,0.290012042890181,0.280276457371857,0.175977674531029,0.298951580388776,0.287664990762799,0.155991623632247,0.176174437760679,0.203364183314437,0.278179386692593,0.279049498817917,0.285872742936741,0.281296256075964,0.0313695148364501,0.291697221360588,0.292232892249252,0.287920337005743,0.363340638596342,0.285207676440795,0.294177226303647,0.356526159869669,0.298577345667946,0.250661673207743,0.27317435784187,0.227673521386714,0.169530415967811
"S005",0.280438022964508,0.202768412722769,0.265863007774731,0.217318704113315,0,0.234114131382374,0.172147814271365,0.280748841466571,0.332011081874659,0.223722074571921,0.28018307310347,0.285030579601075,0.186023984764014,0.276373544382136,0.288117009154616,0.19517503329692,0.189065449925573,0.120936786934761,0.252932963491945,0.263924880195658,0.270021115723354,0.279040177576125,0.21841549277188,0.273730310180529,0.294709362468128,0.264408443812941,0.343709274696276,0.265212208205379,0.27647581280289,0.354930427461949,0.326369138426302,0.269680644554366,0.267041895495479,0.227239120668358,0.19445675241133
"S006",0.243834189109404,0.226082187456403,0.256941320207727,0.235172622626051,0.234114131382374,0,0.221642415567076,0.264433869790434,0.330415046390543,0.227561811513742,0.23378274555045,0.26429502134951,0.218027431034172,0.258406082772724,0.247713640257427,0.239037360719482,0.221011089358044,0.250937276381309,0.216985408801114,0.247061754830743,0.265197556429164,0.270507425261645,0.234380977498973,0.25762066924881,0.270830329909897,0.254004033688908,0.296693320854789,0.256723920786819,0.254784547172675,0.339195188697474,0.303625192401479,0.239739518197563,0.252937471665259,0.187871769614307,0.221642415567076
"S007",0.270255976428841,0.161396029532911,0.254457739224655,0.173791058862229,0.172147814271365,0.221642415567076,0,0.308140194427851,0.317863648421029,0.16674868892136,0.278145542554658,0.272377605603247,0.0721639046436837,0.280995712053228,0.276588256551129,0.128700025586058,0.160567656361168,0.179421092071044,0.246476573481142,0.243482883618604,0.27860962184038,0.293974262209173,0.169843987948536,0.279031322307737,0.289254860166292,0.248537651896904,0.361758781258872,0.254457739224655,0.274128580291196,0.346030568457959,0.312688040065771,0.27614954502161,0.256970519080764,0.213440643782423,0.114006980641294
"S008",0.240797399787346,0.284240321914378,0.236372489014755,0.282368512476838,0.280748841466571,0.264433869790434,0.308140194427851,0,0.313054579867151,0.287761845273314,0.250204125057103,0.251001315448416,0.303721373891494,0.265730173826812,0.256606673298261,0.285775107984478,0.284460120875197,0.286993560265768,0.276061282436199,0.235887293170832,0.254099806457659,0.0943439984744619,0.284861369946104,0.250177210237181,0.255672116506126,0.249422691449189,0.338416713533364,0.238939063982594,0.253672401446966,0.334408387576492,0.312241717068345,0.25733289359419,0.267389323827933,0.270513798541596,0.285682947292707
"S009",0.357760873457212,0.334422462372318,0.336362295866825,0.334365769631542,0.332011081874659,0.330415046390543,0.317863648421029,0.313054579867151,0,0.327388826106911,0.342208383762484,0.345210842435797,0.337004813357907,0.338271989602921,0.334640660063066,0.328234317018061,0.302507109010573,0.349404241042281,0.332708861685333,0.342278269783331,0.33159699522027,0.309590086705779,0.338874111019431,0.351491935846636,0.348162124634883,0.31333956140301,0.257921828314015,0.341952855714535,0.354943180290728,0.112149054590722,0.342813996720323,0.286992211867647,0.33060135124552,0.309839177573537,0.321386416387476
"S010",0.296481851200174,0.126597796295306,0.277221163044418,0.0384561975214491,0.223722074571921,0.227561811513742,0.16674868892136,0.287761845273314,0.327388826106911,0,0.28319092269639,0.278838160481923,0.159217707415011,0.290843269683765,0.27857466089754,0.167660485001399,0.168046741737074,0.205994551744031,0.275995977109423,0.272149910544773,0.278993323324288,0.286274323805676,0.0457265895014834,0.292472986923177,0.286763465921178,0.270342764148186,0.34764371043383,0.279262176939594,0.275400900727933,0.34371032050756,0.306400443472612,0.240302933057945,0.271263973586022,0.221852632861774,0.161085935022918
"S011",0.130995767819428,0.270449260715087,0.0927791603023093,0.290012042890181,0.28018307310347,0.23378274555045,0.278145542554658,0.250204125057103,0.342208383762484,0.28319092269639,0,0.118030181874218,0.293522391834135,0.11462738298804,0.0385139753005866,0.28732937830924,0.280982487299972,0.299763409472869,0.248988970015069,0.092385454114663,0.197531654485586,0.261999549314317,0.291741916950738,0.118744604022281,0.158952781518165,0.144152512248719,0.328316056212421,0.0940466299153093,0.117140245722624,0.340748281061127,0.305496846049062,0.224323466145289,0.27611732344333,0.239811452220724,0.251691065997611
"S012",0.125466889747139,0.267010093640773,0.0842801592542895,0.280276457371857,0.285030579601075,0.26429502134951,0.272377605603247,0.251001315448416,0.345210842435797,0.278838160481923,0.118030181874218,0,0.274218016367379,0.171178867108881,0.115319874684937,0.28156685301895,0.28673665495687,0.307688566982869,0.258166201960393,0.0940132504176046,0.206440283566807,0.259723437097922,0.287815721821543,0.146762669639805,0.152727748487058,0.145513240715809,0.343410079989841,0.0843804589657364,0.147268225611265,0.336903974412249,0.288303266917545,0.208883373777223,0.279395303786627,0.254778128851006,0.247902672562344
"S013",0.282891370956532,0.170648112021115,0.267827278876574,0.175977674531029,0.186023984764014,0.218027431034172,0.0721639046436837,0.303721373891494,0.337004813357907,0.159217707415011,0.293522391834135,0.274218016367379,0,0.295325701053959,0.290908500114084,0.151651444448249,0.167689429883068,0.189294429393231,0.260451902174215,0.25943360589104,0.276936842592238,0.294654780057243,0.177113228051285,0.297281518883743,0.278340172750504,0.248472708662601,0.356731584396965,0.268669944801249,0.28155766006727,0.351035593240168,0.309554958468454,0.269839228793596,0.258807050508175,0.227475580575525,0.115113769545093
"S014",0.167208325517321,0.270569763060086,0.154841184908605,0.298951580388776,0.276373544382136,0.258406082772724,0.280995712053228,0.265730173826812,0.338271989602921,0.290843269683765,0.11462738298804,0.171178867108881,0.295325701053959,0,0.114907062272171,0.307276260700913,0.293856681834736,0.301119840866033,0.273147911587806,0.156205739688078,0.2255053510703,0.273017115589998,0.29823507936928,0.164991249991685,0.173519832493359,0.156482434085175,0.327443791396067,0.154841184908605,0.154636737376162,0.336084493325618,0.303288505284582,0.21888430680653,0.297280372542134,0.240881796712648,0.262157956518129
"S015",0.129769702316035,0.269960916706638,0.0883126001543541,0.287664990762799,0.288117009154616,0.247713640257427,0.276588256551129,0.256606673298261,0.334640660063066,0.27857466089754,0.0385139753005866,0.115319874684937,0.290908500114084,0.114907062272171,0,0.294616396831655,0.287780937887468,0.313896568321076,0.253578724907726,0.0974154797088416,0.198643584802504,0.258560136162801,0.290334978627214,0.1147479023425,0.15356133371289,0.140905920523715,0.328645110629884,0.0888927735527631,0.10792429628965,0.336253791193913,0.297044318649686,0.2063429802369,0.271632511971882,0.240376663088338,0.255225138727762
"S016",0.283258396608589,0.146263081051299,0.272784893046743,0.155991623632247,0.19517503329692,0.239037360719482,0.128700025586058,0.285775107984478,0.328234317018061,0.167660485001399,0.28732937830924,0.28156685301895,0.151651444448249,0.307276260700913,0.294616396831655,0,0.139409927824301,0.196252296316025,0.250976498531728,0.279151701229534,0.273772915625387,0.269095393877988,0.157976510751012,0.286327742937414,0.302667102163611,0.272838532890455,0.375356927040164,0.272560188436988,0.268578645005991,0.340601993033894,0.325856202062379,0.278148988013139,0.2748492294544,0.230279956101608,0.149165202020096
"S017",0.294637465799546,0.168003930791321,0.274092760194035,0.176174437760679,0.189065449925573,0.221011089358044,0.160567656361168,0.284460120875197,0.302507109010573,0.168046741737074,0.280982487299972,0.28673665495687,0.167689429883068,0.293856681834736,0.287780937887468,0.139409927824301,0,0.189949906029873,0.259370820671968,0.285015101057987,0.255049027763489,0.265922815043305,0.18458449583421,0.289185992891165,0.296046295483756,0.254917874157992,0.323215921729132,0.277720561105671,0.280801176850762,0.31028054130689,0.311108368758821,0.27461474997129,0.273910026030543,0.243505385613799,0.165068414174142
"S018",0.300030942162939,0.188542711841676,0.289229840410396,0.203364183314437,0.120936786934761,0.250937276381309,0.179421092071044,0.286993560265768,0.349404241042281,0.205994551744031,0.299763409472869,0.307688566982869,0.189294429393231,0.301119840866033,0.313896568321076,0.196252296316025,0.189949906029873,0,0.258350954135144,0.283613071289845,0.279452616741695,0.294908156968451,0.198572311557455,0.299193743599743,0.313559389378758,0.275475774084019,0.364747907096626,0.289229840410396,0.299345068565057,0.341107245028556,0.325298370490056,0.284050475120496,0.2812495217382,0.244574870305787,0.195632699849812
"S019",0.257035550061742,0.255377362894695,0.255759726027779,0.278179386692593,0.252932963491945,0.216985408801114,0.246476573481142,0.276061282436199,0.332708861685333,0.275995977109423,0.248988970015069,0.258166201960393,0.260451902174215,0.273147911587806,0.253578724907726,0.250976498531728,0.259370820671968,0.258350954135144,0,0.245228429745547,0.278911855662787,0.277979595554865,0.281236638151103,0.263136159052824,0.267843840760633,0.258477808400693,0.341344280492545,0.255759726027779,0.266293920552558,0.322621710475543,0.361650506968279,0.252238213701653,0.247145525732833,0.17263936292309,0.216032430811795
"S020",0.0939626737991233,0.261719098431727,0.0705656182911935,0.279049498817917,0.263924880195658,0.247061754830743,0.243482883618604,0.235887293170832,0.342278269783331,0.272149910544773,0.092385454114663,0.0940132504176046,0.25943360589104,0.156205739688078,0.0974154797088416,0.279151701229534,0.285015101057987,0.283613071289845,0.245228429745547,0,0.206624051496097,0.245888626824256,0.279453453286803,0.12328634825836,0.140609664849919,0.125777291518109,0.328071788482385,0.0713617088674958,0.132503747630116,0.340082785559017,0.293712409998574,0.213550023379299,0.260437376834129,0.225845950568787,0.233096136480558
"S021",0.196962745815335,0.261308336456033,0.201193213549433,0.285872742936741,0.270021115723354,0.265197556429164,0.27860962184038,0.254099806457659,0.33159699522027,0.278993323324288,0.197531654485586,0.206440283566807,0.276936842592238,0.2255053510703,0.198643584802504,0.273772915625387,0.255049027763489,0.279452616741695,0.278911855662787,0.206624051496097,0,0.266087310932975,0.282906089337559,0.219297690862114,0.218414701715781,0.209945288233181,0.344313303774207,0.202712128211877,0.197236748524713,0.337447145718472,0.296567555674979,0.200943187326616,0.256634680891761,0.264009047683848,0.255230027649362
"S022",0.257432790471812,0.283285098134229,0.255113008477746,0.281296256075964,0.279040177576125,0.270507425261645,0.293974262209173,0.0943439984744619,0.309590086705779,0.286274323805676,0.261999549314317,0.259723437097922,0.294654780057243,0.273017115589998,0.258560136162801,0.269095393877988,0.265922815043305,0.294908156968451,0.277979595554865,0.245888626824256,0.266087310932975,0,0.287645466210944,0.26203564895967,0.257047623898402,0.25145317008316,0.326378730817129,0.25812361800314,0.261563226176221,0.335745974054657,0.305626142122977,0.261645284776967,0.244654408649917,0.268469678346461,0.278004766546013
"S023",0.293188823763788,0.121466207201267,0.280171617054884,0.0313695148364501,0.21841549277188,0.234380977498973,0.169843987948536,0.284861369946104,0.338874111019431,0.0457265895014834,0.291741916950738,0.287815721821543,0.177113228051285,0.29823507936928,0.290334978627214,0.157976510751012,0.18458449583421,0.198572311557455,0.281236638151103,0.279453453286803,0.282906089337559,0.287645466210944,0,0.290769426118999,0.299395015885897,0.283166331278214,0.370946227001891,0.279937228762303,0.291159566940078,0.35877414542229,0.310305057482284,0.258651109734033,0.286375275289029,0.224988250337828,0.172619422899796
"S024",0.163388937807124,0.26997620858805,0.116303712354677,0.291697221360588,0.273730310180529,0.25762066924881,0.279031322307737,0.250177210237181,0.351491935846636,0.292472986923177,0.118744604022281,0.146762669639805,0.297281518883743,0.164991249991685,0.1147479023425,0.286327742937414,0.289185992891165,0.299193743599743,0.263136159052824,0.12328634825836,0.219297690862114,0.26203564895967,0.290769426118999,0,0.182908181327756,0.172633448542029,0.338422606603606,0.112939742114368,0.0777540353045865,0.34650626686935,0.301387303190472,0.225585089681678,0.270821819198578,0.246175878779199,0.256524564848772
"S025",0.172595577514344,0.283880993609295,0.149545273856757,0.292232892249252,0.294709362468128,0.270830329909897,0.289254860166292,0.255672116506126,0.348162124634883,0.286763465921178,0.158952781518165,0.152727748487058,0.278340172750504,0.173519832493359,0.15356133371289,0.302667102163611,0.296046295483756,0.313559389378758,0.267843840760633,0.140609664849919,0.218414701715781,0.257047623898402,0.299395015885897,0.182908181327756,0,0.139664957939573,0.332000827923878,0.150777604756591,0.188327996286391,0.350681678199417,0.293547880015281,0.205303285150702,0.29936447046062,0.264285795014289,0.267204765279705
"S026",0.140592368479984,0.245341628240483,0.124820287358915,0.287920337005743,0.264408443812941,0.254004033688908,0.248537651896904,0.249422691449189,0.31333956140301,0.270342764148186,0.144152512248719,0.145513240715809,0.248472708662601,0.156482434085175,0.140905920523715,0.272838532890455,0.254917874157992,0.275475774084019,0.258477808400693,0.125777291518109,0.209945288233181,0.25145317008316,0.283166331278214,0.172633448542029,0.139664957939573,0,0.312259030323155,0.125806276266385,0.17203465553573,0.323515259705397,0.26274965106205,0.203543134451982,0.267078476329169,0.238410961408981,0.245569114472946
"S027",0.352261948846849,0.345273675033805,0.327013949790293,0.363340638596342,0.343709274696276,0.296693320854789,0.361758781258872,0.338416713533364,0.257921828314015,0.34764371043383,0.328316056212421,0.343410079989841,0.356731584396965,0.327443791396067,0.328645110629884,0.375356927040164,0.323215921729132,0.364747907096626,0.341344280492545,0.328071788482385,0.344313303774207,0.326378730817129,0.370946227001891,0.338422606603606,0.332000827923878,0.312259030323155,0,0.326727781414513,0.336468072098666,0.249873135323909,0.331379784812571,0.302622800934765,0.358843506669478,0.336625134705045,0.347956858253731
"S028",0.117272439679969,0.254974682935688,0,0.285207676440795,0.265212208205379,0.256723920786819,0.254457739224655,0.238939063982594,0.341952855714535,0.279262176939594,0.0940466299153093,0.0843804589657364,0.268669944801249,0.154841184908605,0.0888927735527631,0.272560188436988,0.277720561105671,0.289229840410396,0.255759726027779,0.0713617088674958,0.202712128211877,0.25812361800314,0.279937228762303,0.112939742114368,0.150777604756591,0.125806276266385,0.326727781414513,0,0.121081205988585,0.329262854923496,0.298622950164123,0.223342178776675,0.271331929691209,0.239216706890715,0.242991116823214
"S029",0.160744287695,0.268699432479486,0.121170389629053,0.294177226303647,0.27647581280289,0.254784547172675,0.274128580291196,0.253672401446966,0.354943180290728,0.275400900727933,0.117140245722624,0.147268225611265,0.28155766006727,0.154636737376162,0.10792429628965,0.268578645005991,0.280801176850762,0.299345068565057,0.266293920552558,0.132503747630116,0.197236748524713,0.261563226176221,0.291159566940078,0.0777540353045865,0.188327996286391,0.17203465553573,0.336468072098666,0.121081205988585,0,0.351896031907094,0.311388676761811,0.214555987034232,0.276379592320167,0.251474488430233,0.252914248963886
"S030",0.338546227151564,0.335544169858668,0.329549874891952,0.356526159869669,0.354930427461949,0.339195188697474,0.346030568457959,0.334408387576492,0.112149054590722,0.34371032050756,0.340748281061127,0.336903974412249,0.351035593240168,0.336084493325618,0.336253791193913,0.340601993033894,0.31028054130689,0.341107245028556,0.322621710475543,0.340082785559017,0.337447145718472,0.335745974054657,0.35877414542229,0.34650626686935,0.350681678199417,0.323515259705397,0.249873135323909,0.329262854923496,0.351896031907094,0,0.334403135734736,0.317889414991013,0.33226465808876,0.323666249614872,0.318210496752249
"S031",0.28877517424985,0.303089753471803,0.293827272447462,0.298577345667946,0.326369138426302,0.303625192401479,0.312688040065771,0.312241717068345,0.342813996720323,0.306400443472612,0.305496846049062,0.288303266917545,0.309554958468454,0.303288505284582,0.297044318649686,0.325856202062379,0.311108368758821,0.325298370490056,0.361650506968279,0.293712409998574,0.296567555674979,0.305626142122977,0.310305057482284,0.301387303190472,0.293547880015281,0.26274965106205,0.331379784812571,0.298622950164123,0.311388676761811,0.334403135734736,0,0.281493824247499,0.309221238683164,0.303514405725942,0.302215326759922
"S032",0.235776717860608,0.248072868630432,0.21993856022941,0.250661673207743,0.269680644554366,0.239739518197563,0.27614954502161,0.25733289359419,0.286992211867647,0.240302933057945,0.224323466145289,0.208883373777223,0.269839228793596,0.21888430680653,0.2063429802369,0.278148988013139,0.27461474997129,0.284050475120496,0.252238213701653,0.213550023379299,0.200943187326616,0.261645284776967,0.258651109734033,0.225585089681678,0.205303285150702,0.203543134451982,0.302622800934765,0.223342178776675,0.214555987034232,0.317889414991013,0.281493824247499,0,0.264206774768966,0.219313603306861,0.265253472895572
"S033",0.275717988403576,0.272301466379477,0.267138077787949,0.27317435784187,0.267041895495479,0.252937471665259,0.256970519080764,0.267389323827933,0.33060135124552,0.271263973586022,0.27611732344333,0.279395303786627,0.258807050508175,0.297280372542134,0.271632511971882,0.2748492294544,0.273910026030543,0.2812495217382,0.247145525732833,0.260437376834129,0.256634680891761,0.244654408649917,0.286375275289029,0.270821819198578,0.29936447046062,0.267078476329169,0.358843506669478,0.271331929691209,0.276379592320167,0.33226465808876,0.309221238683164,0.264206774768966,0,0.241848114914542,0.258878483675126
"S034",0.237679254622599,0.211164009054072,0.239216706890715,0.227673521386714,0.227239120668358,0.187871769614307,0.213440643782423,0.270513798541596,0.309839177573537,0.221852632861774,0.239811452220724,0.254778128851006,0.227475580575525,0.240881796712648,0.240376663088338,0.230279956101608,0.243505385613799,0.244574870305787,0.17263936292309,0.225845950568787,0.264009047683848,0.268469678346461,0.224988250337828,0.246175878779199,0.264285795014289,0.238410961408981,0.336625134705045,0.239216706890715,0.251474488430233,0.323666249614872,0.303514405725942,0.219313603306861,0.241848114914542,0,0.19561490916516
"S035",0.269204068252133,0.141741032035527,0.242991116823214,0.169530415967811,0.19445675241133,0.221642415567076,0.114006980641294,0.285682947292707,0.321386416387476,0.161085935022918,0.251691065997611,0.247902672562344,0.115113769545093,0.262157956518129,0.255225138727762,0.149165202020096,0.165068414174142,0.195632699849812,0.216032430811795,0.233096136480558,0.255230027649362,0.278004766546013,0.172619422899796,0.256524564848772,0.267204765279705,0.245569114472946,0.347956858253731,0.242991116823214,0.252914248963886,0.318210496752249,0.302215326759922,0.265253472895572,0.258878483675126,0.19561490916516,0
